Link,Scraped Date
https://www.lakai.com/collections/shoes/products/greddy-evo-2-0-black-red-suede-ms2240259b03,2024-10-29
https://www.lakai.com/collections/shoes/products/cambridge-white-leather-ms3240252a03,2024-10-29
https://www.lakai.com/collections/shoes/products/newport-black-yellow-suede-ms3240251a03,2024-10-29
https://www.lakai.com/collections/shoes/products/flaco-2-mid-cream-suede-ms3240113a03,2024-10-29
https://www.lakai.com/collections/shoes/products/cambridge-black-white-suede-ms2210252a00,2024-10-29
https://www.lakai.com/collections/shoes/products/cambridge-black-camo-suede-ms2240252a00,2024-10-29
https://www.lakai.com/collections/shoes/products/cambridge-blue-gum-suede-ms2240252a00,2024-10-29
https://www.lakai.com/collections/shoes/products/cambridge-white-leather-ms3240252a00,2024-10-29
https://www.lakai.com/collections/shoes/products/cambridge-cream-suede-ms1240252a00,2024-10-29
https://www.lakai.com/collections/shoes/products/cambridge-white-burgundy-leather-ms4230252a00,2024-10-29
https://www.lakai.com/collections/shoes/products/cambridge-red-burgundy-suede-ms3240252a00,2024-10-29
https://www.lakai.com/collections/shoes/products/cambridge-black-gum-suede-ms3200252a00,2024-10-29
https://www.lakai.com/collections/shoes/products/cambridge-black-canvas-ms3240252a00,2024-10-29
https://www.lakai.com/collections/shoes/products/cambridge-black-multi-suede-ms3240252a00,2024-10-29
https://www.lakai.com/collections/shoes/products/poler-evo-2-0-trail-black-nubuck-ms3240260b00,2024-10-29
https://www.lakai.com/collections/shoes/products/poler-owen-slipper-furry-camo-ms3240266a00,2024-10-29
https://www.lakai.com/collections/shoes/products/atlantic-black-suede-ms3240082b00,2024-10-29
https://www.lakai.com/collections/shoes/products/atlantic-burgundy-gum-suede-ms3240082b00,2024-10-29
https://www.lakai.com/collections/shoes/products/atlantic-vulc-black-white-suede-ms2240082a00,2024-10-29
https://www.lakai.com/collections/shoes/products/atlantic-vulc-red-suede-ms1240082a00,2024-10-29
https://www.lakai.com/collections/shoes/products/atlantic-vulc-charcoal-tan-suede-ms2240082a00,2024-10-29
https://www.lakai.com/collections/shoes/products/york-white-red-suede-ms3240236a00,2024-10-29
https://www.lakai.com/collections/shoes/products/york-navy-gum-suede-ms3240236a00,2024-10-29
https://www.lakai.com/collections/shoes/products/york-black-white-suede-ms3240236a00,2024-10-29
https://www.lakai.com/collections/shoes/products/greddy-evo-2-0-black-red-suede-ms2240259b03,2024-10-29
https://www.lakai.com/collections/shoes/products/cambridge-white-leather-ms3240252a03,2024-10-29
https://www.lakai.com/collections/shoes/products/newport-black-yellow-suede-ms3240251a03,2024-10-29
https://www.lakai.com/collections/shoes/products/flaco-2-mid-cream-suede-ms3240113a03,2024-10-29
https://www.lakai.com/collections/shoes/products/cambridge-black-white-suede-ms2210252a00,2024-10-29
https://www.lakai.com/collections/shoes/products/cambridge-black-camo-suede-ms2240252a00,2024-10-29
https://www.lakai.com/collections/shoes/products/cambridge-blue-gum-suede-ms2240252a00,2024-10-29
https://www.lakai.com/collections/shoes/products/cambridge-white-leather-ms3240252a00,2024-10-29
https://www.lakai.com/collections/shoes/products/cambridge-cream-suede-ms1240252a00,2024-10-29
https://www.lakai.com/collections/shoes/products/cambridge-white-burgundy-leather-ms4230252a00,2024-10-29
https://www.lakai.com/collections/shoes/products/cambridge-red-burgundy-suede-ms3240252a00,2024-10-29
https://www.lakai.com/collections/shoes/products/cambridge-black-gum-suede-ms3200252a00,2024-10-29
https://www.lakai.com/collections/shoes/products/cambridge-black-canvas-ms3240252a00,2024-10-29
https://www.lakai.com/collections/shoes/products/cambridge-black-multi-suede-ms3240252a00,2024-10-29
https://www.lakai.com/collections/shoes/products/poler-evo-2-0-trail-black-nubuck-ms3240260b00,2024-10-29
https://www.lakai.com/collections/shoes/products/poler-owen-slipper-furry-camo-ms3240266a00,2024-10-29
https://www.lakai.com/collections/shoes/products/atlantic-black-suede-ms3240082b00,2024-10-29
https://www.lakai.com/collections/shoes/products/atlantic-burgundy-gum-suede-ms3240082b00,2024-10-29
https://www.lakai.com/collections/shoes/products/atlantic-vulc-black-white-suede-ms2240082a00,2024-10-29
https://www.lakai.com/collections/shoes/products/atlantic-vulc-red-suede-ms1240082a00,2024-10-29
https://www.lakai.com/collections/shoes/products/atlantic-vulc-charcoal-tan-suede-ms2240082a00,2024-10-29
https://www.lakai.com/collections/shoes/products/york-white-red-suede-ms3240236a00,2024-10-29
https://www.lakai.com/collections/shoes/products/york-navy-gum-suede-ms3240236a00,2024-10-29
https://www.lakai.com/collections/shoes/products/york-black-white-suede-ms3240236a00,2024-10-29
https://www.lakai.com/collections/shoes/products/greddy-evo-2-0-black-red-suede-ms2240259b03,2024-10-29
https://www.lakai.com/collections/shoes/products/cambridge-white-leather-ms3240252a03,2024-10-29
https://www.lakai.com/collections/shoes/products/newport-black-yellow-suede-ms3240251a03,2024-10-29
https://www.lakai.com/collections/shoes/products/flaco-2-mid-cream-suede-ms3240113a03,2024-10-29
https://www.lakai.com/collections/shoes/products/cambridge-black-white-suede-ms2210252a00,2024-10-29
https://www.lakai.com/collections/shoes/products/cambridge-black-camo-suede-ms2240252a00,2024-10-29
https://www.lakai.com/collections/shoes/products/cambridge-blue-gum-suede-ms2240252a00,2024-10-29
https://www.lakai.com/collections/shoes/products/cambridge-white-leather-ms3240252a00,2024-10-29
https://www.lakai.com/collections/shoes/products/cambridge-cream-suede-ms1240252a00,2024-10-29
https://www.lakai.com/collections/shoes/products/cambridge-white-burgundy-leather-ms4230252a00,2024-10-29
https://www.lakai.com/collections/shoes/products/cambridge-red-burgundy-suede-ms3240252a00,2024-10-29
https://www.lakai.com/collections/shoes/products/cambridge-black-gum-suede-ms3200252a00,2024-10-29
https://www.lakai.com/collections/shoes/products/cambridge-black-canvas-ms3240252a00,2024-10-29
https://www.lakai.com/collections/shoes/products/cambridge-black-multi-suede-ms3240252a00,2024-10-29
https://www.lakai.com/collections/shoes/products/poler-evo-2-0-trail-black-nubuck-ms3240260b00,2024-10-29
https://www.lakai.com/collections/shoes/products/poler-owen-slipper-furry-camo-ms3240266a00,2024-10-29
https://www.lakai.com/collections/shoes/products/atlantic-black-suede-ms3240082b00,2024-10-29
https://www.lakai.com/collections/shoes/products/atlantic-burgundy-gum-suede-ms3240082b00,2024-10-29
https://www.lakai.com/collections/shoes/products/atlantic-vulc-black-white-suede-ms2240082a00,2024-10-29
https://www.lakai.com/collections/shoes/products/atlantic-vulc-red-suede-ms1240082a00,2024-10-29
https://www.lakai.com/collections/shoes/products/atlantic-vulc-charcoal-tan-suede-ms2240082a00,2024-10-29
https://www.lakai.com/collections/shoes/products/york-white-red-suede-ms3240236a00,2024-10-29
https://www.lakai.com/collections/shoes/products/york-navy-gum-suede-ms3240236a00,2024-10-29
https://www.lakai.com/collections/shoes/products/york-black-white-suede-ms3240236a00,2024-10-29
