Product ID,Link
7282470092934,https://www.lakai.com/collections/shoes/products/greddy-evo-2-0-black-red-suede-ms2240259b03
7271586103430,https://www.lakai.com/collections/shoes/products/cambridge-white-leather-ms3240252a03
7271585448070,https://www.lakai.com/collections/shoes/products/newport-black-yellow-suede-ms3240251a03
7271584825478,https://www.lakai.com/collections/shoes/products/flaco-2-mid-cream-suede-ms3240113a03
6562525511814,https://www.lakai.com/collections/shoes/products/cambridge-black-white-suede-ms2210252a00
7126145073286,https://www.lakai.com/collections/shoes/products/cambridge-black-camo-suede-ms2240252a00
7126145335430,https://www.lakai.com/collections/shoes/products/cambridge-blue-gum-suede-ms2240252a00
7227803959430,https://www.lakai.com/collections/shoes/products/cambridge-white-leather-ms3240252a00
6986508107910,https://www.lakai.com/collections/shoes/products/cambridge-cream-suede-ms1240252a00
6911089311878,https://www.lakai.com/collections/shoes/products/cambridge-white-burgundy-leather-ms4230252a00
7246347206790,https://www.lakai.com/collections/shoes/products/cambridge-red-burgundy-suede-ms3240252a00
5136438001798,https://www.lakai.com/collections/shoes/products/cambridge-black-gum-suede-ms3200252a00
7246347141254,https://www.lakai.com/collections/shoes/products/cambridge-black-canvas-ms3240252a00
7227803369606,https://www.lakai.com/collections/shoes/products/cambridge-black-multi-suede-ms3240252a00
7227804418182,https://www.lakai.com/collections/shoes/products/poler-evo-2-0-trail-black-nubuck-ms3240260b00
7227806646406,https://www.lakai.com/collections/shoes/products/poler-owen-slipper-furry-camo-ms3240266a00
7246346092678,https://www.lakai.com/collections/shoes/products/atlantic-black-suede-ms3240082b00
7246346190982,https://www.lakai.com/collections/shoes/products/atlantic-burgundy-gum-suede-ms3240082b00
7181705347206,https://www.lakai.com/collections/shoes/products/atlantic-vulc-black-white-suede-ms2240082a00
7019629772934,https://www.lakai.com/collections/shoes/products/atlantic-vulc-red-suede-ms1240082a00
7181706133638,https://www.lakai.com/collections/shoes/products/atlantic-vulc-charcoal-tan-suede-ms2240082a00
7246346944646,https://www.lakai.com/collections/shoes/products/york-white-red-suede-ms3240236a00
7246346846342,https://www.lakai.com/collections/shoes/products/york-navy-gum-suede-ms3240236a00
7246346715270,https://www.lakai.com/collections/shoes/products/york-black-white-suede-ms3240236a00
7126143959174,https://www.lakai.com/collections/shoes/products/ludlow-black-reflective-suede-ms2240142b00
7126144221318,https://www.lakai.com/collections/shoes/products/ludlow-walnut-gum-suede-ms2240142b00
7181703381126,https://www.lakai.com/collections/shoes/products/wilkins-black-suede-ms2240233a00
7227802452102,https://www.lakai.com/collections/shoes/products/wilkins-green-suede-ms3240233a00
7227802845318,https://www.lakai.com/collections/shoes/products/wilkins-white-suede-ms3240233a00
7181703774342,https://www.lakai.com/collections/shoes/products/wilkins-red-suede-ms2240233a00
7181704167558,https://www.lakai.com/collections/shoes/products/wilkins-white-canvas-ms2240233a00
6740282933382,https://www.lakai.com/collections/shoes/products/essex-black-suede-ms2220263a00
7181707313286,https://www.lakai.com/collections/shoes/products/essex-light-blue-suede-ms2240263a00
7246347567238,https://www.lakai.com/collections/shoes/products/essex-navy-suede-ms3240263a00
7246347337862,https://www.lakai.com/collections/shoes/products/essex-black-gum-suede-ms3240263a00
7181707575430,https://www.lakai.com/collections/shoes/products/essex-tan-suede-ms2240263a00
6883949150342,https://www.lakai.com/collections/shoes/products/griffin-black-canvas-ms1230227a00
4406486499462,https://www.lakai.com/collections/shoes/products/griffin-black-suede-ms1200227a00
7126144614534,https://www.lakai.com/collections/shoes/products/griffin-charcoal-canvas-ms2240227a00
7227390099590,https://www.lakai.com/collections/shoes/products/griffin-chocolate-suede-ms3240227a00
7227390230662,https://www.lakai.com/collections/shoes/products/griffin-olive-suede-ms3240227a00
7126144909446,https://www.lakai.com/collections/shoes/products/griffin-white-gum-canvas-ms2240227a00
7227801206918,https://www.lakai.com/collections/shoes/products/manchester-charcoal-suede-ms3240200a00
7181706985606,https://www.lakai.com/collections/shoes/products/manchester-walnut-suede-ms2240200a00
7227801927814,https://www.lakai.com/collections/shoes/products/manchester-white-leather-ms3240200a00
7181706592390,https://www.lakai.com/collections/shoes/products/manchester-white-navy-suede-ms2240200a00
7019630952582,https://www.lakai.com/collections/shoes/products/newport-black-suede-ms1240251a00
7246347075718,https://www.lakai.com/collections/shoes/products/newport-burgundy-suede-ms3240251a00
3618437300324,https://www.lakai.com/collections/shoes/products/owen-vlk-black-suede-ms1170232a00
3618438217828,https://www.lakai.com/collections/shoes/products/owen-vlk-stone-suede-ms1170232a00
6986507124870,https://www.lakai.com/collections/shoes/products/riley-3-high-black-suede-ms1240096a00
6865451450502,https://www.lakai.com/collections/shoes/products/riley-3-high-black-black-suede-ms2230095a00
7246346289286,https://www.lakai.com/collections/shoes/products/riley-3-high-chocolate-gum-suede-ms3240095a00
7126143336582,https://www.lakai.com/collections/shoes/products/riley-3-high-cream-suede-ms2240095a00
7246346453126,https://www.lakai.com/collections/shoes/products/riley-3-high-grey-suede-ms3240095a00
7126143697030,https://www.lakai.com/collections/shoes/products/riley-3-high-pine-suede-ms2240095a00
6986508599430,https://www.lakai.com/collections/shoes/products/telford-low-black-suede-ms1240262b00
7227804844166,https://www.lakai.com/collections/shoes/products/telford-low-black-grey-suede-ms3240262b00
7227806056582,https://www.lakai.com/collections/shoes/products/telford-low-light-blue-suede-ms3240262b00
7227805499526,https://www.lakai.com/collections/shoes/products/telford-low-chocolate-white-suede-ms3240262b00
7126146351238,https://www.lakai.com/collections/shoes/products/telford-low-green-suede-ms2240262b00
6986508632198,https://www.lakai.com/collections/shoes/products/telford-low-white-red-suede-ms1240262b00
7126146547846,https://www.lakai.com/collections/shoes/products/telford-low-white-leather-ms2240262b00
7181707903110,https://www.lakai.com/collections/shoes/products/telford-mid-black-suede-ms2240263b00
7181708230790,https://www.lakai.com/collections/shoes/products/telford-mid-white-gum-suede-ms2240263b00
6911083643014,https://www.lakai.com/collections/shoes/products/terrace-black-suede-ms4230130b00
7246346584198,https://www.lakai.com/collections/shoes/products/terrace-white-burgundy-leather-ms3240130b00
7246346518662,https://www.lakai.com/collections/shoes/products/terrace-black-walnut-suede-ms3240130b00
7181706395782,https://www.lakai.com/collections/shoes/products/terrace-white-navy-suede-ms2240130b00
7227800256646,https://www.lakai.com/collections/shoes/products/flaco-2-black-black-suede-ms3240112a00
7019629904006,https://www.lakai.com/collections/shoes/products/flaco-2-black-red-suede-ms1240112a00
7227800748166,https://www.lakai.com/collections/shoes/products/flaco-2-tan-suede-ms3240112a00
7126146744454,https://www.lakai.com/collections/shoes/products/cardiff-charcoal-suede-ms2240264a00
7126146777222,https://www.lakai.com/collections/shoes/products/cardiff-white-black-suede-ms2240264a00
7126142058630,https://www.lakai.com/collections/shoes/products/cambridge-kids-black-camo-suede-ks2240252a00
6630835421318,https://www.lakai.com/collections/shoes/products/cambridge-kids-black-white-suede-ks3210252a00
7126142288006,https://www.lakai.com/collections/shoes/products/cambridge-kids-blue-gum-suede-ks2240252a00
7246345470086,https://www.lakai.com/collections/shoes/products/cambridge-kids-red-burgundy-suede-ks3240252a00
7019629117574,https://www.lakai.com/collections/shoes/products/griffin-kids-black-canvas-ks1240227a00
7246345339014,https://www.lakai.com/collections/shoes/products/cambridge-kids-black-canvas-ks3240252a00
7227390001286,https://www.lakai.com/collections/shoes/products/griffin-kids-chocolate-suede-ks3240227a00
4416947814534,https://www.lakai.com/collections/shoes/products/manchester-black-suede-ms1200200a00
4416947912838,https://www.lakai.com/collections/shoes/products/oxford-black-canvas-ms1200255a00
4470048784518,https://www.lakai.com/collections/shoes/products/griffin-black-black-canvas-ms3180227a03
5217566621830,https://www.lakai.com/collections/shoes/products/griffin-cyan-gum-suede-ms1210227a00
6676094189702,https://www.lakai.com/collections/shoes/products/griffin-kids-black-black-suede-ks4210227a00
6773449752710,https://www.lakai.com/collections/shoes/products/owen-slipper-black-polyester-ms3220265a00
6803399082118,https://www.lakai.com/collections/shoes/products/telford-kids-black-burgundy-suede-ks4220208b00
6803418448006,https://www.lakai.com/collections/shoes/products/owen-vlk-black-suede-ms4220232a00
6845079552134,https://www.lakai.com/collections/shoes/products/manchester-black-pebble-leather-ms1230200a00
6865450926214,https://www.lakai.com/collections/shoes/products/griffin-kids-red-reflective-suede-ks2230227a00
6865450958982,https://www.lakai.com/collections/shoes/products/griffin-kids-black-white-suede-ks2230227a00
6865450991750,https://www.lakai.com/collections/shoes/products/cambridge-kids-orange-suede-ks2230252a00
6865451581574,https://www.lakai.com/collections/shoes/products/flaco-2-white-cyan-leather-ms2230112a00
6865451679878,https://www.lakai.com/collections/shoes/products/manchester-cyan-suede-ms2230200a00
6865451745414,https://www.lakai.com/collections/shoes/products/manchester-white-neon-suede-ms2230200a00
6865452171398,https://www.lakai.com/collections/shoes/products/owen-vlk-black-white-suede-ms2230232a00
6868134035590,https://www.lakai.com/collections/shoes/products/griffin-kids-white-gum-suede-ks2230227a00
6877856137350,https://www.lakai.com/collections/shoes/products/telford-pacifico-blue-yellow-suede-ms3230208b03
6877857284230,https://www.lakai.com/collections/shoes/products/owen-vlk-pacifico-white-white-canvas-ms3230232a03
6883949183110,https://www.lakai.com/collections/shoes/products/griffin-white-canvas-ms1230227a00
6883949248646,https://www.lakai.com/collections/shoes/products/owen-slipper-nile-polyester-ms1230265a00
6886162268294,https://www.lakai.com/collections/shoes/products/riley-3-black-snake-suede-ms3230094a00
6886162366598,https://www.lakai.com/collections/shoes/products/riley-3-charcoal-suede-ms3230094a00
6886162464902,https://www.lakai.com/collections/shoes/products/manchester-black-red-uv-suede-ms3230200a00
6886162694278,https://www.lakai.com/collections/shoes/products/manchester-olive-cord-suede-ms3230200a00
6886163153030,https://www.lakai.com/collections/shoes/products/griffin-grey-gum-cord-suede-ms3230227a00
6886163841158,https://www.lakai.com/collections/shoes/products/mod-black-red-suede-ms3230266b00
6886163873926,https://www.lakai.com/collections/shoes/products/mod-black-suede-ms3230266b00
6886164070534,https://www.lakai.com/collections/shoes/products/atlantic-black-white-suede-ms3230082b00
6886164463750,https://www.lakai.com/collections/shoes/products/flaco-2-navy-suede-ms3230112a00
6886164594822,https://www.lakai.com/collections/shoes/products/terrace-black-black-leather-ms3230130b00
6886164660358,https://www.lakai.com/collections/shoes/products/terrace-cream-pine-leather-ms3230130b00
6886165610630,https://www.lakai.com/collections/shoes/products/cardiff-black-suede-ms3230264a00
6911070732422,https://www.lakai.com/collections/shoes/products/cambridge-kids-black-gum-suede-ks4230252a00
6911072927878,https://www.lakai.com/collections/shoes/products/cambridge-kids-white-burgundy-leather-ks4230252a00
6911079809158,https://www.lakai.com/collections/shoes/products/riley-3-high-black-gum-suede-ms4230096a00
6911082135686,https://www.lakai.com/collections/shoes/products/riley-3-high-cream-gum-suede-ms4230096a00
6911086461062,https://www.lakai.com/collections/shoes/products/terrace-burgundy-suede-ms4230130b00
6911087050886,https://www.lakai.com/collections/shoes/products/terrace-cream-suede-ms4230130b00
6911088885894,https://www.lakai.com/collections/shoes/products/cambridge-charcoal-suede-ms4230252a00
6911089541254,https://www.lakai.com/collections/shoes/products/cambridge-navy-gum-suede-ms4230252a00
6911091966086,https://www.lakai.com/collections/shoes/products/telford-low-black-glow-suede-ms4230262b00
6911098290310,https://www.lakai.com/collections/shoes/products/essex-black-glow-suede-ms4230263a00
6911103271046,https://www.lakai.com/collections/shoes/products/essex-chocolate-suede-ms4230263a00
6911107629190,https://www.lakai.com/collections/shoes/products/griffin-kids-black-black-leather-ks4230227a00
6911109300358,https://www.lakai.com/collections/shoes/products/griffin-kids-olive-gum-suede-ks4230227a00
6911116181638,https://www.lakai.com/collections/shoes/products/owen-slipper-black-nylon-ms3230265a00
6911118082182,https://www.lakai.com/collections/shoes/products/owen-slipper-white-nylon-ms3230265a00
6911121129606,https://www.lakai.com/collections/shoes/products/villa-black-suede-ms4230140b00
6911121752198,https://www.lakai.com/collections/shoes/products/villa-slate-navy-suede-ms4230140b00
6911123521670,https://www.lakai.com/collections/shoes/products/manchester-black-suede-ms4230200a00
6911125946502,https://www.lakai.com/collections/shoes/products/telford-black-leather-ms4230208b00
6911127715974,https://www.lakai.com/collections/shoes/products/telford-olive-yellow-suede-ms4230208b00
6911129780358,https://www.lakai.com/collections/shoes/products/griffin-black-black-leather-ms4230227a00
6911131648134,https://www.lakai.com/collections/shoes/products/griffin-olive-gum-suede-ms4230227a00
6986507092102,https://www.lakai.com/collections/shoes/products/riley-3-high-navy-gum-suede-ms1240096a00
6986507190406,https://www.lakai.com/collections/shoes/products/terrace-black-black-suede-ms1240130b00
6986507288710,https://www.lakai.com/collections/shoes/products/terrace-cream-navy-suede-ms1240130b00
6986507387014,https://www.lakai.com/collections/shoes/products/terrace-light-blue-suede-ms1240130b00
6986507452550,https://www.lakai.com/collections/shoes/products/terrace-white-leather-ms1240130b00
6986507485318,https://www.lakai.com/collections/shoes/products/telford-black-suede-ms1240208b00
6986507550854,https://www.lakai.com/collections/shoes/products/telford-light-blue-cream-leather-ms1240208b00
6986507911302,https://www.lakai.com/collections/shoes/products/griffin-green-gum-canvas-ms1240227a00
6986507944070,https://www.lakai.com/collections/shoes/products/griffin-navy-suede-ms1240227a00
6986508009606,https://www.lakai.com/collections/shoes/products/griffin-white-burgundy-leather-ms1240227a00
6986508075142,https://www.lakai.com/collections/shoes/products/cambridge-black-suede-ms1240252a00
6986508140678,https://www.lakai.com/collections/shoes/products/cambridge-flame-suede-ms1240252a00
6986508238982,https://www.lakai.com/collections/shoes/products/cambridge-gold-gum-suede-ms1240252a00
6986508402822,https://www.lakai.com/collections/shoes/products/cambridge-white-suede-ms1240252a00
6986508468358,https://www.lakai.com/collections/shoes/products/essex-black-suede-ms1240263a00
6986508664966,https://www.lakai.com/collections/shoes/products/telford-low-navy-suede-ms1240262b00
6986508697734,https://www.lakai.com/collections/shoes/products/cardiff-burgundy-suede-ms1240264a00
6986509025414,https://www.lakai.com/collections/shoes/products/essex-light-grey-gum-suede-ms1240263a00
7018772791430,https://www.lakai.com/collections/shoes/products/griffin-kids-green-gum-canvas-ks1240227a00
7018773053574,https://www.lakai.com/collections/shoes/products/flaco-2-cream-suede-ms1240112a00
7019628888198,https://www.lakai.com/collections/shoes/products/griffin-kids-grey-canvas-ks1240227a00
7019629281414,https://www.lakai.com/collections/shoes/products/cambridge-kids-black-suede-ks1240252a00
7019629412486,https://www.lakai.com/collections/shoes/products/cambridge-kids-flame-suede-ks1240252a00
7019629609094,https://www.lakai.com/collections/shoes/products/cambridge-kids-gold-gum-suede-ks1240252a00
7019630133382,https://www.lakai.com/collections/shoes/products/flaco-2-charcoal-suede-ms1240112a00
7019630329990,https://www.lakai.com/collections/shoes/products/manchester-brown-suede-ms1240200a00
7019630493830,https://www.lakai.com/collections/shoes/products/manchester-chive-suede-ms1240200a00
7019630592134,https://www.lakai.com/collections/shoes/products/manchester-white-black-suede-ms1240200a00
7019630755974,https://www.lakai.com/collections/shoes/products/newport-white-gum-leather-ms1240251a00
7019631214726,https://www.lakai.com/collections/shoes/products/mod-black-gum-suede-ms1240266b00
7019631378566,https://www.lakai.com/collections/shoes/products/mod-white-flame-suede-ms1240266b00
6911123685510,https://www.lakai.com/collections/shoes/products/manchester-white-olive-leather-ms4230200a00
